Variable,Chi2_Statistic,P_Value,Degrees_of_Freedom,Significant
Reason,12.764111970132287,0.2371612709825224,10,False
Employment_Status,392.59370472559203,1.107848465576587e-83,4,True
Income_Quartile,420.86260575827123,9.123566275039812e-88,6,True
Loan_Bracket,9.125023828854909,0.058049329283748397,4,False
