Employment_Status,Total,Approved,Approval_Rate
full_time,44090,5238,0.11880244953504196
part_time,10000,704,0.0704
unemployed,910,89,0.0978021978021978
