Fico_Score_group,Total,Approved,Approval_Rate
excellent,368,201,0.5461956521739131
fair,6990,910,0.1301859799713877
good,4352,1132,0.2601102941176471
poor,5058,382,0.07552392249901146
very_good,732,360,0.4918032786885246
