Metric,Approved_Mean,Denied_Mean,Difference,P_Value,Significant
FICO_score,732.1086734693878,622.4293657008614,109.67930776852643,0.0,True
Monthly_Gross_Income,8053.5760204081635,5836.393069694596,2217.182950713567,2.5297024369817124e-239,True
Loan_Amount,41790.816326530614,45486.49177760376,-3695.675451073148,3.809920635066728e-08,True
DTI,0.2468806899474329,0.3515226163469529,-0.10464192639952002,7.913554269225391e-124,True
