Cluster,Lender_A,Lender_B,Lender_C
0,52.38187078109932,14.098360655737704,33.51976856316297
1,58.14616755793226,25.169340463458113,16.684491978609625
2,56.39651707970529,17.51507032819826,26.08841259209645
