Loan_Bracket,Total,Approved,Approval_Rate
Very Low,16911,2085,0.12329253148838035
Low,14806,1651,0.11150884776441983
Medium,7465,761,0.10194239785666444
High,8609,875,0.10163782088512022
Very High,7209,659,0.09141351088916631
