Income_Quartile,Total,Approved,Approval_Rate
Q1,6875,181,0.026327272727272727
Q2,6876,239,0.034758580570098896
Q3,6878,516,0.07502180866530968
Q4,6871,1024,0.14903216416824333
