Ever_Bankrupt_or_Foreclose,Total,Approved,Approval_Rate
0,16752,2937,0.17532234957020057
1,748,48,0.06417112299465241
