Income_Quartile,Total,Approved,Approval_Rate
Q1,13750,833,0.06058181818181818
Q2,13752,1012,0.07358929610238511
Q3,13748,1535,0.11165260401512947
Q4,13750,2651,0.1928
