Reason,Total,Approved,Approval_Rate
cover_an_unexpected_cost,3364,566,0.16825208085612367
credit_card_refinancing,2925,499,0.1705982905982906
debt_conslidation,4859,865,0.17802016875900392
home_improvement,1994,336,0.16850551654964896
major_purchase,2799,480,0.1714898177920686
other,1559,239,0.15330339961513792
