Lender,Sweet_Spot_Cluster,Percentage
A,1,58.14616755793226
B,1,25.169340463458113
C,0,33.51976856316297
