Employment_Status,Total,Approved,Approval_Rate
full_time,21947,1757,0.08005649974939627
part_time,3553,176,0.04953560371517028
unemployed,2000,27,0.0135
