Income_Quartile,Total,Approved,Approval_Rate
Q1,4377,466,0.10646561571852867
Q2,4375,585,0.1337142857142857
Q3,4374,753,0.1721536351165981
Q4,4374,1181,0.2700045724737083
