Ever_Bankrupt_or_Foreclose,Total,Approved,Approval_Rate
0,53792,5998,0.11150356930398572
1,1208,33,0.027317880794701987
