Employment_Status,Total,Approved,Approval_Rate
full_time,10493,2243,0.21376155532259603
part_time,3511,506,0.144118484762176
unemployed,3496,236,0.06750572082379863
