Lender,Total_Applications,Total_Bounty,RPA,Approval_Rate,Approved_Bounty,Denied_Bounty,Avg_Bounty,Bounty_Std,Pct_of_Total_Revenue
A,55000,1507750,27.413636363636364,0.10965454545454545,1507750,0,27.413636363636364,78.115379906358,57.07931099753928
B,27500,686000,24.945454545454545,0.07127272727272728,686000,0,24.945454545454545,90.04958777555977,25.970092750331254
C,17500,447750,25.585714285714285,0.17057142857142857,447750,0,25.585714285714285,56.42171812791238,16.950596252129472
