Loan_Bracket,Total_Applications,Total_Bounty,RPA,Approval_Rate,Avg_Bounty,Avg_Loan_Amount,Pct_of_Total_Apps
Small,47562,1391550,29.25760060552542,0.12200916698204449,29.25760060552542,20126.676758756992,47.562
Medium,23792,600600,25.243779421654338,0.10474108944182918,25.243779421654338,48111.12979152656,23.791999999999998
Large,28646,649350,22.66808629477065,0.09359072819939956,22.66808629477065,84532.22090344202,28.646
