FICO_Group,Total_Applications,Total_Bounty,RPA,Approval_Rate,Avg_Bounty,Pct_of_Total_Apps
poor,28475,160050,5.6207199297629495,0.02784899034240562,5.6207199297629495,28.475
fair,36475,511300,14.017820424948596,0.06437285812200137,14.017820424948596,36.475
good,27760,1240900,44.70100864553314,0.18061959654178675,44.70100864553314,27.76
very_good,5102,471550,92.42453939631517,0.3565268522148177,92.42453939631517,5.102
,2188,257700,117.77879341864717,0.4579524680073126,117.77879341864717,2.188
