Income_Quartile,Total_Applications,Total_Bounty,RPA,Approval_Rate,Avg_Bounty,Avg_Income,Pct_of_Total_Apps
Q1,25003,350650,14.024317081950166,0.06451225852897652,14.024317081950166,2858.1624605047396,25.002999999999997
Q2,24997,422100,16.88602632315878,0.07376885226227148,16.88602632315878,4486.369124294915,24.997
Q3,25006,670600,26.817563784691675,0.11037351035751419,26.817563784691675,6211.185915380309,25.006
Q4,24994,1198150,47.937505001200286,0.19040569736736818,47.937505001200286,9932.968512442987,24.994
