bounty_variation,adjusted_bounty,baseline_revenue,optimal_revenue,incremental_revenue,lift_percentage
-10%,216.594,2377350.0,5023934.399878622,2646584.399878622,111.32497948886879
-5%,228.62699999999998,2509425.0,5303041.866538545,2793616.866538545,111.32497948886879
+0%,240.66,2641500.0,5582149.333198469,2940649.333198469,111.32497948886879
+5%,252.693,2773575.0,5861256.799858393,3087681.799858393,111.32497948886879
+10%,264.726,2905650.0000000005,6140364.266518316,3234714.2665183158,111.32497948886875
