{
  "lender": "A",
  "feature_count": 13,
  "train_samples": 38500,
  "test_samples": 16500,
  "best_params": {
    "learning_rate": 0.05,
    "max_depth": 6,
    "n_estimators": 100
  },
  "cv_score": 0.7929602274605146,
  "train_auc": 0.8316792968375251,
  "test_auc": 0.7991680582407771
}