Variable,Mean_Approved,Mean_Denied,Mean_Difference,T_Statistic,P_Value,Cohens_D,Significant
FICO_score,697.420918367347,620.9569217289719,76.46399663837508,88.52774393216829,0.0,0.8955787814840331,Yes
Monthly_Gross_Income,7282.37709548105,5697.997888209921,1584.3792072711285,55.14447310800184,0.0,0.5578615001132755,Yes
Loan_Amount,41956.99708454811,45638.4233465133,-3681.4262619651927,-12.68745140377796,7.410713081129588e-37,-0.12835086226798695,Yes
Monthly_Housing_Payment,1600.7641217201167,1655.7266579798707,-54.96253625975396,-8.717828612847448,2.8781920475902253e-18,-0.08819271766671043,Yes
