Employment_Status,Total_Applications,Total_Approvals,Approval_Rate
full_time,76530,9238,0.1207108323533255
part_time,17064,1386,0.08122362869198312
unemployed,6406,352,0.05494848579456759
