Reason,Total_Applications,Total_Approvals,Approval_Rate
credit_card_refinancing,17139,1931,0.11266701674543439
home_improvement,11316,1242,0.10975609756097561
major_purchase,16023,1755,0.10953005055233102
cover_an_unexpected_cost,18782,2053,0.10930678309019273
debt_conslidation,27622,3009,0.10893490695822171
other,9118,986,0.10813774950647072
