Lender,Total_Applications,Total_Approvals,Approval_Rate
C,17500,2985,0.17057142857142857
A,55000,6031,0.10965454545454545
B,27500,1960,0.07127272727272728
