Fico_Score_group,Total_Applications,Total_Approvals,Approval_Rate
excellent,2188,1002,0.4579524680073126
very_good,5102,1819,0.3565268522148177
good,27760,5014,0.18061959654178675
fair,36475,2348,0.06437285812200137
poor,28475,793,0.02784899034240562
