FICO_Bin,Total_Applications,Total_Approvals,Approval_Rate
<580 (Poor),28491,793,0.0278333508827349
580-669 (Fair),36619,2359,0.06442010977907643
670-739 (Good),27607,5005,0.1812945991958561
740-799 (Very Good),5095,1817,0.35662414131501474
800+ (Excellent),2188,1002,0.4579524680073126
