Variable,Chi2_Statistic,P_Value,Degrees_of_Freedom,Cramers_V,Significant
Fico_Score_group,10044.988097627953,0.0,4,0.3169382920637384,Yes
Lender,1079.1945941394786,4.527635252416991e-235,2,0.10388429111946997,Yes
Employment_Status,433.09321391840604,9.015784506595941e-95,2,0.06580981795434523,Yes
Ever_Bankrupt_or_Foreclose,126.93539153083834,1.9192085468426534e-29,1,0.03562799342242534,Yes
Employment_Sector,132.31792558403868,1.5715246819885415e-23,10,0.03759998378902423,Yes
Reason,1.9684531988061036,0.8534927006348962,5,0.0044367253676626224,No
