,Loan_Amount,FICO_score,Monthly_Gross_Income,Monthly_Housing_Payment,Approved
Loan_Amount,1.0,-0.00025002734740142,0.002923013347533835,-0.00014735561836865706,-0.040089391454718924
FICO_score,-0.00025002734740142,1.0,0.2856355596882508,0.006287288288012527,0.26958715790146653
Monthly_Gross_Income,0.002923013347533835,0.2856355596882508,1.0,0.18003648172215295,0.17179137566825808
Monthly_Housing_Payment,-0.00014735561836865706,0.006287288288012527,0.18003648172215295,1.0,-0.027558000019433978
Approved,-0.040089391454718924,0.26958715790146653,0.17179137566825808,-0.027558000019433978,1.0
