Feature,F_Statistic,P_Value,Significant
FICO_score,7837.16144572007,0.0,Yes
Loan_Amount,160.97142312324058,7.410713080627533e-37,Yes
Monthly_Gross_Income,3040.9129143591235,0.0,Yes
Monthly_Housing_Payment,76.00053572309346,2.8781920472358507e-18,Yes
Ever_Bankrupt_or_Foreclose,127.86650331990062,1.2513652454792986e-29,Yes
DTI,1490.3596556461778,1e-323,Yes
LTI,1240.2766244833151,4.913410744874811e-270,Yes
