Feature,Chi2_Statistic,P_Value,DOF,Significant
Reason,1.9684531988061036,0.8534927006348962,5,No
Fico_Score_group,10044.988097627953,0.0,4,Yes
Employment_Status,433.09321391840604,9.015784506595941e-95,2,Yes
Employment_Sector,346.8075465389442,1.1480381429249766e-67,11,Yes
Lender,1079.1945941394786,4.527635252416991e-235,2,Yes
FICO_Bin_Custom,9733.989749207345,0.0,6,Yes
Income_Quartile,2518.9537504671653,0.0,3,Yes
Loan_Category,155.81359006491994,1.4638912490403424e-34,2,Yes
