Model,Features_Count,Train_AUC,Test_AUC,Test_Precision,Test_Recall,Test_F1,AUC_Improvement,Meets_Target
Baseline (Original Features),9,0.8636888946198259,0.8171374378851441,0.253125,0.7379289401761312,0.376948731870007,0.0,False
Enhanced (With Engineered Features),14,0.8611052369981763,0.8141997368366922,0.2529057700290577,0.740054661402976,0.37698197849795034,-0.002937701048451924,False
