Feature,Correlation,P_Value,Significant,Abs_Correlation
FICO_score,0.26958715790146975,0.0,Yes,0.26958715790146975
Loan_Amount,-0.040089391454717516,7.4107130811917516e-37,Yes,0.040089391454717516
Monthly_Gross_Income,0.1717913756682593,0.0,Yes,0.1717913756682593
Monthly_Housing_Payment,-0.027558000019434505,2.8781920475909683e-18,Yes,0.027558000019434505
Ever_Bankrupt_or_Foreclose,-0.035735943325953284,1.2513652455411963e-29,Yes,0.035735943325953284
DTI,-0.12118180757552696,0.0,Yes,0.12118180757552696
LTI,-0.11068452548045636,4.913410744643568e-270,Yes,0.11068452548045636
